{
    "total_runtime": 4273.376839160919,
    "num_documents": 1,
    "input_load_time": 0,
    "workflows": {
        "create_base_text_units": {
            "overall": 0.0890038013458252
        },
        "create_final_documents": {
            "overall": 0.04697394371032715
        },
        "extract_graph": {
            "overall": 3541.455627679825
        },
        "finalize_graph": {
            "overall": 9.50218915939331
        },
        "create_communities": {
            "overall": 0.06820058822631836
        },
        "create_final_text_units": {
            "overall": 0.12131977081298828
        },
        "create_community_reports": {
            "overall": 420.5657477378845
        },
        "generate_text_embeddings": {
            "overall": 301.38187170028687
        }
    }
}